Route,Airline,FlightNum,Aircraft,Date,Time,Latitude,Longitude,Course,Kts,mph,feet,Rate,Reporting Facility
TLV - BAH,Gulf Air,GF973,A320,16/07/2023,Sun 04:33:53 PM,32.0124,32.01240169527751,← 260°,161.0,185.0,950, ,FlightAware ADS-B (BEY / OLBA)
TLV - BAH,Gulf Air,GF973,A320,16/07/2023,Sun 04:34:09 PM,32.01239999899137,32.01240878775809,← 256°,164.0,189.0,"1,550","2,250",FlightAware ADS-B (TLV / LLBG)
TLV - BAH,Gulf Air,GF973,A320,16/07/2023,Sun 04:34:25 PM,32.0123999939261,32.012426578744275,← 256°,167.0,192.0,"2,150","2,156",FlightAware ADS-B (LLHS)
TLV - BAH,Gulf Air,GF973,A320,16/07/2023,Sun 04:34:41 PM,32.01239997899614,32.012461396980015,← 256°,169.0,194.0,"2,700","1,781",FlightAware ADS-B (LLHZ)
TLV - BAH,Gulf Air,GF973,A320,16/07/2023,Sun 04:34:57 PM,32.012399945320674,32.01252009586023,← 257°,173.0,199.0,"3,100","1,071",FlightAware ADS-B (TLV / LLBG)
TLV - BAH,Gulf Air,GF973,A320,16/07/2023,Sun 04:35:16 PM,32.012399880817014,32.012609681407305,← 249°,198.0,228.0,"3,325",892,FlightAware ADS-B (TLV / LLBG)
TLV - BAH,Gulf Air,GF973,A320,16/07/2023,Sun 04:35:34 PM,32.01239976968794,32.01273706474412,↙ 206°,222.0,255.0,"3,650","1,714",FlightAware ADS-B (TLV / LLBG)
TLV - BAH,Gulf Air,GF973,A320,16/07/2023,Sun 04:35:51 PM,32.01239959148385,32.012908913004196,↓ 172°,223.0,257.0,"4,325","2,443",FlightAware ADS-B (SDV / LLSD)
TLV - BAH,Gulf Air,GF973,A320,16/07/2023,Sun 04:36:09 PM,32.01239932011499,32.01313157113413,↘ 128°,201.0,231.0,"5,075","1,866",FlightAware ADS-B (TLV / LLBG)
TLV - BAH,Gulf Air,GF973,A320,16/07/2023,Sun 04:36:32 PM,32.01239892323803,32.01341103159623,→ 99°,203.0,234.0,"5,600",981,FlightAware ADS-B (TLV / LLBG)
TLV - BAH,Gulf Air,GF973,A320,16/07/2023,Sun 04:37:01 PM,32.012398362094885,32.0137529347399,→ 90°,237.0,273.0,"5,925",764,FlightAware ADS-B (TLV / LLBG)
TLV - BAH,Gulf Air,GF973,A320,16/07/2023,Sun 04:37:25 PM,32.01239759172293,32.014162587398076,→ 91°,275.0,316.0,"6,275","1,696",FlightAware ADS-B (TLV / LLBG)
TLV - BAH,Gulf Air,GF973,A320,16/07/2023,Sun 04:38:48 PM,32.012396561337795,32.014644992796775,→ 91°,302.0,348.0,"8,950","1,580",FlightAware MLAT (8 sites)
TLV - BAH,Gulf Air,GF973,A320,16/07/2023,Sun 04:39:18 PM,32.01239521478996,32.015204885122024,→ 91°,362.0,417.0,"9,250",258,FlightAware MLAT (7 sites)
TLV - BAH,Gulf Air,GF973,A320,16/07/2023,Sun 04:39:52 PM,32.01239349105884,32.01584676501846,→ 91°,396.0,456.0,"9,225",-60,FlightAware MLAT (4 sites)
TLV - BAH,Gulf Air,GF973,A320,16/07/2023,Sun 04:40:08 PM,32.01239132473853,32.01657493346374,→ 91°,410.0,472.0,"9,200",-45,FlightAware MLAT (6 sites)
TLV - BAH,Gulf Air,GF973,A320,16/07/2023,Sun 04:40:25 PM,32.01238864647902,32.017393522746595,→ 91°,410.0,472.0,"9,200",43,FlightAware MLAT (4 sites)
TLV - BAH,Gulf Air,GF973,A320,16/07/2023,Sun 04:40:43 PM,32.01238538337813,32.0183065240646,→ 91°,410.0,472.0,"9,225",44,FlightAware MLAT (8 sites)
TLV - BAH,Gulf Air,GF973,A320,16/07/2023,Sun 04:40:59 PM,32.01238145932729,32.01931781166089,→ 91°,410.0,472.0,"9,225", ,FlightAware MLAT (5 sites)
TLV - BAH,Gulf Air,GF973,A320,16/07/2023,Sun 04:41:32 PM,32.012376795314985,32.02043116380755,→ 91°,410.0,472.0,"9,225", ,FlightAware MLAT (4 sites)
TLV - BAH,Gulf Air,GF973,A320,16/07/2023,Sun 04:41:53 PM,32.012371309688305,32.02165028076408,→ 91°,410.0,472.0,"9,225", ,FlightAware MLAT (4 sites)
TLV - BAH,Gulf Air,GF973,A320,16/07/2023,Sun 04:42:09 PM,32.01236491838073,32.022978799878835,→ 91°,412.0,474.0,"9,225", ,FlightAware MLAT (6 sites)
TLV - BAH,Gulf Air,GF973,A320,16/07/2023,Sun 04:42:25 PM,32.012357535107455,32.0244203080733,→ 91°,412.0,474.0,"9,225", ,FlightAware MLAT (4 sites)
TLV - BAH,Gulf Air,GF973,A320,16/07/2023,Sun 04:42:56 PM,32.012349071531126,32.025978352098285,→ 92°,408.0,470.0,"9,225", ,FlightAware MLAT (7 sites)
TLV - BAH,Gulf Air,GF973,A320,16/07/2023,Sun 04:43:23 PM,32.01233943740452,32.02765644684354,→ 95°,409.0,471.0,"9,225", ,FlightAware ADS-B (TLV / LLBG)
TLV - BAH,Gulf Air,GF973,A320,16/07/2023,Sun 04:43:39 PM,32.012328540675384,32.0294580818819,↘ 111°,406.0,467.0,"9,225",527,FlightAware ADS-B (TLV / LLBG)
TLV - BAH,Gulf Air,GF973,A320,16/07/2023,Sun 04:44:00 PM,32.012316287524065,32.03138672646365,↘ 115°,404.0,465.0,"9,550","1,559",FlightAware ADS-B (TLV / LLBG)
TLV - BAH,Gulf Air,GF973,A320,16/07/2023,Sun 04:44:30 PM,32.012302582299604,32.03344583321638,↘ 115°,410.0,472.0,"10,550","1,972",FlightAware ADS-B (TLV / LLBG)
TLV - BAH,Gulf Air,GF973,A320,16/07/2023,Sun 04:44:54 PM,32.01228732735229,32.035638840729185,↘ 120°,414.0,476.0,"11,325","2,128",FlightAware ADS-B (HFA / LLHA)
TLV - BAH,Gulf Air,GF973,A320,16/07/2023,Sun 04:45:13 PM,32.01227042276241,32.03796917514616,↘ 132°,410.0,472.0,"12,075","2,051",FlightAware ADS-B (JRS / LLJR)
TLV - BAH,Gulf Air,GF973,A320,16/07/2023,Sun 04:45:43 PM,32.012251765936085,32.040440250921876,↘ 134°,414.0,476.0,"13,000","1,975",FlightAware ADS-B (TLV / LLBG)
TLV - BAH,Gulf Air,GF973,A320,16/07/2023,Sun 04:46:13 PM,32.012231251052846,32.043055470877,↘ 133°,414.0,476.0,"14,050","1,600",FlightAware ADS-B (JRS / LLJR)
TLV - BAH,Gulf Air,GF973,A320,16/07/2023,Sun 04:46:43 PM,32.0122087683658,32.04581822566943,↘ 133°,423.0,487.0,"14,600","1,050",FlightAware ADS-B (JRS / LLJR)
TLV - BAH,Gulf Air,GF973,A320,16/07/2023,Sun 04:47:13 PM,32.012184203363326,32.048731892779266,↘ 133°,425.0,489.0,"15,100",726,FlightAware ADS-B (TLV / LLBG)
TLV - BAH,Gulf Air,GF973,A320,16/07/2023,Sun 04:47:45 PM,32.01215743579625,32.05179983510257,↘ 133°,427.0,491.0,"15,350",871,FlightAware ADS-B (TLV / LLBG)
TLV - BAH,Gulf Air,GF973,A320,16/07/2023,Sun 04:48:15 PM,32.012128338581626,32.055025399229955,↘ 133°,434.0,499.0,"16,000","1,300",FlightAware ADS-B (TLV / LLBG)
TLV - BAH,Gulf Air,GF973,A320,16/07/2023,Sun 04:48:45 PM,32.01209677659848,32.058411913470614,↘ 133°,437.0,503.0,"16,650","1,050",FlightAware ADS-B (AMM / OJAI)
TLV - BAH,Gulf Air,GF973,A320,16/07/2023,Sun 04:49:15 PM,32.012062605387264,32.06196268567768,↘ 133°,449.0,517.0,"17,050",950,FlightAware ADS-B (AMM / OJAI)
TLV - BAH,Gulf Air,GF973,A320,16/07/2023,Sun 04:49:45 PM,32.01202566976012,32.06568100092787,↘ 133°,453.0,521.0,"17,600","1,225",FlightAware ADS-B (LLHS)
TLV - BAH,Gulf Air,GF973,A320,16/07/2023,Sun 04:50:15 PM,32.011985802330834,32.06957011909989,↘ 133°,455.0,524.0,"18,275","1,350",FlightAware ADS-B (AMM / OJAI)
TLV - BAH,Gulf Air,GF973,A320,16/07/2023,Sun 04:50:45 PM,32.01194282197134,32.07363327239275,↘ 133°,457.0,526.0,"18,950","1,250",FlightAware ADS-B (JRS / LLJR)
TLV - BAH,Gulf Air,GF973,A320,16/07/2023,Sun 04:51:15 PM,32.0118965322082,32.07787366281154,↘ 133°,460.0,529.0,"19,525","1,008",FlightAware ADS-B (JRS / LLJR)
TLV - BAH,Gulf Air,GF973,A320,16/07/2023,Sun 04:51:46 PM,32.011846719564105,32.08229445965343,↘ 133°,467.0,537.0,"19,975",959,FlightAware ADS-B (JRS / LLJR)
TLV - BAH,Gulf Air,GF973,A320,16/07/2023,Sun 04:52:16 PM,32.01179315185458,32.08689879701641,↘ 130°,470.0,541.0,"20,500","1,133",FlightAware ADS-B (JRS / LLJR)
TLV - BAH,Gulf Air,GF973,A320,16/07/2023,Sun 04:52:35 PM,32.011735576479694,32.091689771330984,↘ 115°,469.0,540.0,"20,900","1,071",FlightAware ADS-B (HFA / LLHA)
TLV - BAH,Gulf Air,GF973,A320,16/07/2023,Sun 04:52:58 PM,32.01167371875607,32.09667043893978,→ 88°,471.0,542.0,"21,250",861,FlightAware ADS-B (HFA / LLHA)
TLV - BAH,Gulf Air,GF973,A320,16/07/2023,Sun 04:53:29 PM,32.011607280341686,32.10184381377683,→ 86°,477.0,549.0,"21,675",861,FlightAware ADS-B (JRS / LLJR)
TLV - BAH,Gulf Air,GF973,A320,16/07/2023,Sun 04:53:59 PM,32.01153593779089,32.10721286518025,→ 86°,480.0,552.0,"22,125",850,FlightAware ADS-B (JRS / LLJR)
TLV - BAH,Gulf Air,GF973,A320,16/07/2023,Sun 04:54:29 PM,32.01145934126692,32.11278051586426,→ 86°,483.0,556.0,"22,525",725,FlightAware ADS-B (JRS / LLJR)
TLV - BAH,Gulf Air,GF973,A320,16/07/2023,Sun 04:54:59 PM,32.01137711343063,32.11854964007113,→ 86°,488.0,562.0,"22,850",484,FlightAware ADS-B (JRS / LLJR)
TLV - BAH,Gulf Air,GF973,A320,16/07/2023,Sun 04:55:31 PM,32.011288848517815,32.124523061917955,→ 86°,488.0,562.0,"23,025",169,FlightAware ADS-B (LLHS)
TLV - BAH,Gulf Air,GF973,A320,16/07/2023,Sun 04:56:01 PM,32.011194111612134,32.13070355394664,→ 86°,489.0,563.0,"23,025",388,FlightAware ADS-B (SDV / LLSD)
TLV - BAH,Gulf Air,GF973,A320,16/07/2023,Sun 04:56:29 PM,32.01109243811626,32.13709383587555,→ 88°,493.0,567.0,"23,400",779,FlightAware ADS-B (SDV / LLSD)
TLV - BAH,Gulf Air,GF973,A320,16/07/2023,Sun 04:56:53 PM,32.01098333340951,32.14369657354032,→ 103°,495.0,570.0,"23,700",830,FlightAware ADS-B (JRS / LLJR)
TLV - BAH,Gulf Air,GF973,A320,16/07/2023,Sun 04:57:25 PM,32.010866272661296,32.15051437803156,→ 109°,495.0,570.0,"24,175",726,FlightAware ADS-B (JRS / LLJR)
TLV - BAH,Gulf Air,GF973,A320,16/07/2023,Sun 04:57:55 PM,32.01074070077558,32.15754980502638,→ 109°,499.0,574.0,"24,450",566,FlightAware ADS-B (JRS / LLJR)
TLV - BAH,Gulf Air,GF973,A320,16/07/2023,Sun 04:58:26 PM,32.010606032444876,32.16480535431296,→ 109°,501.0,577.0,"24,750",566,FlightAware ADS-B (JRS / LLJR)
TLV - BAH,Gulf Air,GF973,A320,16/07/2023,Sun 04:58:56 PM,32.01046165229672,32.172283469501316,→ 109°,505.0,581.0,"25,025",575,FlightAware ADS-B (JRS / LLJR)
TLV - BAH,Gulf Air,GF973,A320,16/07/2023,Sun 04:59:26 PM,32.01030691511809,32.179986537914424,→ 109°,507.0,583.0,"25,325",643,FlightAware ADS-B (JRS / LLJR)
TLV - BAH,Gulf Air,GF973,A320,16/07/2023,Sun 05:00:06 PM,32.01014114613764,32.18791689067924,→ 110°,508.0,585.0,"25,775",771,FlightAware ADS-B (JRS / LLJR)
TLV - BAH,Gulf Air,GF973,A320,16/07/2023,Sun 05:00:36 PM,32.00996364135712,32.196076803003905,→ 110°,504.0,580.0,"26,225","1,225",FlightAware ADS-B (JRS / LLJR)
TLV - BAH,Gulf Air,GF973,A320,16/07/2023,Sun 05:01:06 PM,32.009773667925856,32.204468494625225,→ 110°,493.0,567.0,"27,000","1,057",FlightAware ADS-B (JRS / LLJR)
TLV - BAH,Gulf Air,GF973,A320,16/07/2023,Sun 05:01:37 PM,32.00957046455231,32.21309413041368,→ 110°,496.0,571.0,"27,300",639,FlightAware ADS-B (JRS / LLJR)
TLV - BAH,Gulf Air,GF973,A320,16/07/2023,Sun 05:02:07 PM,32.0093532419482,32.221955821121036,→ 110°,495.0,570.0,"27,650",700,FlightAware ADS-B (JRS / LLJR)
TLV - BAH,Gulf Air,GF973,A320,16/07/2023,Sun 05:02:37 PM,32.00912118330165,32.231055624256385,→ 110°,494.0,568.0,"28,000",775,FlightAware ADS-B (JRS / LLJR)
TLV - BAH,Gulf Air,GF973,A320,16/07/2023,Sun 05:03:07 PM,32.00887344477603,32.24039554507741,→ 110°,492.0,566.0,"28,425",705,FlightAware ADS-B (JRS / LLJR)
TLV - BAH,Gulf Air,GF973,A320,16/07/2023,Sun 05:03:43 PM,32.0086091560276,32.24997753769687,→ 110°,493.0,567.0,"28,775",636,FlightAware ADS-B (JRS / LLJR)
TLV - BAH,Gulf Air,GF973,A320,16/07/2023,Sun 05:04:13 PM,32.008327420740486,32.25980350628992,→ 110°,493.0,567.0,"29,125",725,FlightAware ADS-B (JRS / LLJR)
TLV - BAH,Gulf Air,GF973,A320,16/07/2023,Sun 05:04:43 PM,32.00802731717769,32.269875306387625,→ 110°,492.0,566.0,"29,500",775,FlightAware ADS-B (JRS / LLJR)
TLV - BAH,Gulf Air,GF973,A320,16/07/2023,Sun 05:05:13 PM,32.00770789874774,32.280194746241925,→ 110°,490.0,564.0,"29,900",775,FlightAware ADS-B (JRS / LLJR)
TLV - BAH,Gulf Air,GF973,A320,16/07/2023,Sun 05:05:43 PM,32.00736819458565,32.29076358824962,→ 110°,488.0,562.0,"30,275",725,FlightAware ADS-B (JRS / LLJR)
TLV - BAH,Gulf Air,GF973,A320,16/07/2023,Sun 05:06:13 PM,32.00700721014766,32.30158355042377,→ 110°,488.0,562.0,"30,625",675,FlightAware ADS-B (JRS / LLJR)
TLV - BAH,Gulf Air,GF973,A320,16/07/2023,Sun 05:06:43 PM,32.00662392781861,32.31265630790073,↘ 111°,489.0,563.0,"30,950",738,FlightAware ADS-B (JRS / LLJR)
TLV - BAH,Gulf Air,GF973,A320,16/07/2023,Sun 05:07:14 PM,32.00621730752696,32.323983494469076,↘ 116°,486.0,559.0,"31,375",900,FlightAware ADS-B (JRS / LLJR)
TLV - BAH,Gulf Air,GF973,A320,16/07/2023,Sun 05:07:53 PM,32.005786287352876,32.335566704127565,↘ 116°,484.0,557.0,"32,000",891,FlightAware ADS-B (JRS / LLJR)
TLV - BAH,Gulf Air,GF973,A320,16/07/2023,Sun 05:08:23 PM,32.005329784126744,32.34740749265484,↘ 117°,480.0,552.0,"32,400",825,FlightAware ADS-B (JRS / LLJR)
TLV - BAH,Gulf Air,GF973,A320,16/07/2023,Sun 05:08:53 PM,32.0048466940169,32.3595073791772,↘ 116°,479.0,551.0,"32,825",715,FlightAware ADS-B (JRS / LLJR)
TLV - BAH,Gulf Air,GF973,A320,16/07/2023,Sun 05:09:28 PM,32.0043358931021,32.37186784773081,↘ 116°,479.0,551.0,"33,175",53,FlightAware ADS-B (JRS / LLJR)
TLV - BAH,Gulf Air,GF973,A320,16/07/2023,Sun 05:11:42 PM,32.00379623783476,32.38449034911608,↘ 111°,,,, ,Estimated
TLV - BAH,Gulf Air,GF973,A320,16/07/2023,Sun 05:13:46 PM,32.00322656532796,32.39737630325265,↘ 111°,,,, ,Estimated
TLV - BAH,Gulf Air,GF973,A320,16/07/2023,Sun 05:14:47 PM,32.00262569347181,32.41052710202054,↘ 111°,,,, ,Estimated
TLV - BAH,Gulf Air,GF973,A320,16/07/2023,Sun 05:16:44 PM,32.001992420834306,32.423944112722225,↘ 111°,,,, ,Estimated
TLV - BAH,Gulf Air,GF973,A320,16/07/2023,Sun 05:17:47 PM,32.00132552636273,32.437628682115445,↘ 111°,,,, ,Estimated
TLV - BAH,Gulf Air,GF973,A320,16/07/2023,Sun 05:19:42 PM,32.00062376885386,32.45158214110794,↘ 111°,,,, ,Estimated
TLV - BAH,Gulf Air,GF973,A320,16/07/2023,Sun 05:20:42 PM,31.9998858862213,32.465805810025714,↘ 111°,,,, ,Estimated
TLV - BAH,Gulf Air,GF973,A320,16/07/2023,Sun 05:21:45 PM,31.9991105945839,32.48030100437893,↘ 112°,,,, ,Estimated
TLV - BAH,Gulf Air,GF973,A320,16/07/2023,Sun 05:22:49 PM,31.998296587197494,32.49506904105551,↘ 112°,,,, ,Estimated
TLV - BAH,Gulf Air,GF973,A320,16/07/2023,Sun 05:24:43 PM,31.997442533203625,32.510111245010485,↘ 112°,,,, ,Estimated
TLV - BAH,Gulf Air,GF973,A320,16/07/2023,Sun 05:25:47 PM,31.99654707622447,32.525428956360024,↘ 112°,,,, ,Estimated
TLV - BAH,Gulf Air,GF973,A320,16/07/2023,Sun 05:27:44 PM,31.995608832780583,32.54102353793764,↘ 112°,,,, ,Estimated
TLV - BAH,Gulf Air,GF973,A320,16/07/2023,Sun 05:28:49 PM,31.99462639056524,32.55689638320812,↘ 112°,,,, ,Estimated
TLV - BAH,Gulf Air,GF973,A320,16/07/2023,Sun 05:30:48 PM,31.993598306554635,32.57304892458738,↘ 112°,,,, ,Estimated
TLV - BAH,Gulf Air,GF973,A320,16/07/2023,Sun 05:31:48 PM,31.9925231049971,32.589482642038334,↘ 112°,,,, ,Estimated
TLV - BAH,Gulf Air,GF973,A320,16/07/2023,Sun 05:33:46 PM,31.991399275263948,32.60619907198032,↘ 112°,,,, ,Estimated
TLV - BAH,Gulf Air,GF973,A320,16/07/2023,Sun 05:34:46 PM,31.990225269607183,32.62319981637787,↘ 113°,,,, ,Estimated
TLV - BAH,Gulf Air,GF973,A320,16/07/2023,Sun 05:36:49 PM,31.988999500802976,32.64048655205574,↘ 113°,,,, ,Estimated
TLV - BAH,Gulf Air,GF973,A320,16/07/2023,Sun 05:37:49 PM,31.987720339728323,32.65806104010198,↘ 113°,,,, ,Estimated
TLV - BAH,Gulf Air,GF973,A320,16/07/2023,Sun 05:39:44 PM,31.986386112858757,32.6759251353814,↘ 113°,,,, ,Estimated
TLV - BAH,Gulf Air,GF973,A320,16/07/2023,Sun 05:41:46 PM,31.984995099672794,32.69408079618706,↘ 113°,,,, ,Estimated
TLV - BAH,Gulf Air,GF973,A320,16/07/2023,Sun 05:42:48 PM,31.983545530014155,32.71253009388491,↘ 113°,,,, ,Estimated
TLV - BAH,Gulf Air,GF973,A320,16/07/2023,Sun 05:44:47 PM,31.982035581399565,32.731275222573785,↘ 113°,,,, ,Estimated
TLV - BAH,Gulf Air,GF973,A320,16/07/2023,Sun 05:46:47 PM,31.98046337626384,32.750318508772594,↘ 114°,,,, ,Estimated
TLV - BAH,Gulf Air,GF973,A320,16/07/2023,Sun 05:47:48 PM,31.978826979197677,32.769662420982314,↘ 114°,,,, ,Estimated
TLV - BAH,Gulf Air,GF973,A320,16/07/2023,Sun 05:49:47 PM,31.977124394167745,32.7893095791408,↘ 114°,,,, ,Estimated
TLV - BAH,Gulf Air,GF973,A320,16/07/2023,Sun 05:49:54 PM,31.97535356195887,32.809262762104126,↘ 118°,459.0,528.0,"35,000", ,FlightAware ADS-B (OKBK)
TLV - BAH,Gulf Air,GF973,A320,16/07/2023,Sun 05:50:24 PM,31.973512357883408,32.8295249132575,↘ 118°,459.0,528.0,"35,000", ,FlightAware ADS-B (OKBK)
TLV - BAH,Gulf Air,GF973,A320,16/07/2023,Sun 05:50:54 PM,31.971598589793388,32.85009914436076,↘ 118°,459.0,528.0,"35,000", ,FlightAware ADS-B (OKBK)
TLV - BAH,Gulf Air,GF973,A320,16/07/2023,Sun 05:51:45 PM,31.96960999640572,32.87098873777018,↘ 118°,458.0,527.0,"35,000", ,FlightAware ADS-B (OKBK)
TLV - BAH,Gulf Air,GF973,A320,16/07/2023,Sun 05:52:16 PM,31.96754424596448,32.89219714713444,↘ 118°,458.0,527.0,"35,000", ,FlightAware ADS-B (OKBK)
TLV - BAH,Gulf Air,GF973,A320,16/07/2023,Sun 05:52:47 PM,31.965398935256122,32.913727996665386,↘ 119°,458.0,527.0,"35,000",-18,FlightAware ADS-B (OKBK)
TLV - BAH,Gulf Air,GF973,A320,16/07/2023,Sun 05:53:39 PM,31.963171588970287,32.93558507911998,↘ 119°,458.0,527.0,"34,975",-17,FlightAware ADS-B (OETH)
TLV - BAH,Gulf Air,GF973,A320,16/07/2023,Sun 05:54:13 PM,31.9608596594142,32.95777235258574,↘ 119°,458.0,527.0,"34,975",21,FlightAware ADS-B (OKBK)
TLV - BAH,Gulf Air,GF973,A320,16/07/2023,Sun 05:54:49 PM,31.958460526580723,32.98029393616807,↘ 119°,459.0,528.0,"35,000",20,FlightAware ADS-B (OKBK)
TLV - BAH,Gulf Air,GF973,A320,16/07/2023,Sun 05:55:28 PM,31.955971498563823,33.00315410468023,↘ 119°,460.0,529.0,"35,000", ,FlightAware ADS-B (OKBK)
TLV - BAH,Gulf Air,GF973,A320,16/07/2023,Sun 05:56:02 PM,31.95338981231852,33.026357282421145,↘ 119°,460.0,529.0,"35,000", ,FlightAware ADS-B (OKBK)
TLV - BAH,Gulf Air,GF973,A320,16/07/2023,Sun 05:56:36 PM,31.950712634758176,33.049908036125956,↘ 119°,461.0,531.0,"35,000", ,FlightAware ADS-B (ORUQ)
TLV - BAH,Gulf Air,GF973,A320,16/07/2023,Sun 05:57:06 PM,31.947937064185382,33.073811067159866,↘ 119°,461.0,531.0,"35,000", ,FlightAware ADS-B (OKBK)
TLV - BAH,Gulf Air,GF973,A320,16/07/2023,Sun 05:57:38 PM,31.94506013204704,33.098071203030344,↘ 119°,462.0,532.0,"35,000", ,FlightAware ADS-B (OETH)
TLV - BAH,Gulf Air,GF973,A320,16/07/2023,Sun 05:58:09 PM,31.942078805000914,33.12269338829278,↘ 119°,462.0,532.0,"35,000", ,FlightAware ADS-B (ORUQ)
TLV - BAH,Gulf Air,GF973,A320,16/07/2023,Sun 05:58:39 PM,31.938989987282067,33.14768267491651,↘ 119°,464.0,534.0,"35,000", ,FlightAware ADS-B (ORUQ)
TLV - BAH,Gulf Air,GF973,A320,16/07/2023,Sun 05:59:16 PM,31.935790523347322,33.173044212193446,↘ 119°,465.0,535.0,"35,000",17,FlightAware ADS-B (OKBK)
TLV - BAH,Gulf Air,GF973,A320,16/07/2023,Sun 06:00:08 PM,31.93247720076403,33.19878323629092,↘ 119°,464.0,534.0,"35,025",18,FlightAware ADS-B (OKBK)
TLV - BAH,Gulf Air,GF973,A320,16/07/2023,Sun 06:00:39 PM,31.929046753330773,33.22490505950168,↘ 119°,462.0,532.0,"35,025",-23,FlightAware ADS-B (OETH)
TLV - BAH,Gulf Air,GF973,A320,16/07/2023,Sun 06:01:14 PM,31.925495864411438,33.251415059252906,↘ 119°,461.0,531.0,"35,000",-22,FlightAware ADS-B (OKBK)
TLV - BAH,Gulf Air,GF973,A320,16/07/2023,Sun 06:01:47 PM,31.921821170466814,33.27831866692641,↘ 119°,460.0,529.0,"35,000", ,FlightAware ADS-B (OKBK)
TLV - BAH,Gulf Air,GF973,A320,16/07/2023,Sun 06:02:17 PM,31.918019264769324,33.30562135653589,↘ 119°,460.0,529.0,"35,000", ,FlightAware ADS-B (OKBK)
TLV - BAH,Gulf Air,GF973,A320,16/07/2023,Sun 06:02:48 PM,31.91408670128636,33.33332863330411,↘ 119°,458.0,527.0,"35,000",-24,FlightAware ADS-B (OKBK)
TLV - BAH,Gulf Air,GF973,A320,16/07/2023,Sun 06:03:20 PM,31.910019998715992,33.361446022183515,↘ 119°,459.0,528.0,"34,975", ,FlightAware ADS-B (RUH / OERK)
TLV - BAH,Gulf Air,GF973,A320,16/07/2023,Sun 06:04:03 PM,31.905815644646207,33.38997905638635,↘ 119°,460.0,529.0,"35,000",23,FlightAware ADS-B (OKBK)
TLV - BAH,Gulf Air,GF973,A320,16/07/2023,Sun 06:04:25 PM,31.901470099832885,33.41893326594256,↘ 116°,460.0,529.0,"35,000",-485,FlightAware ADS-B (ORUQ)
TLV - BAH,Gulf Air,GF973,A320,16/07/2023,Sun 06:05:11 PM,31.896979802578002,33.44831416635499,→ 107°,459.0,528.0,"34,450",-833,FlightAware ADS-B (RUH / OERK)
TLV - BAH,Gulf Air,GF973,A320,16/07/2023,Sun 06:05:46 PM,31.892341173205903,33.47812724739691,→ 101°,465.0,535.0,"33,875",-977,FlightAware ADS-B (OKBK)
TLV - BAH,Gulf Air,GF973,A320,16/07/2023,Sun 06:06:17 PM,31.887550618636997,33.50837796208281,→ 101°,467.0,537.0,"33,375",-984,FlightAware ADS-B (OKBK)
TLV - BAH,Gulf Air,GF973,A320,16/07/2023,Sun 06:06:47 PM,31.882604537055222,33.53907171584152,→ 101°,468.0,539.0,"32,875",-975,FlightAware ADS-B (OKBK)
TLV - BAH,Gulf Air,GF973,A320,16/07/2023,Sun 06:07:17 PM,31.877499322663407,33.57021385591682,→ 101°,469.0,540.0,"32,400",-975,FlightAware ADS-B (ORUQ)
TLV - BAH,Gulf Air,GF973,A320,16/07/2023,Sun 06:07:47 PM,31.872231370518378,33.6018096610201,→ 101°,471.0,542.0,"31,900","-1,000",FlightAware ADS-B (OKBK)
TLV - BAH,Gulf Air,GF973,A320,16/07/2023,Sun 06:08:17 PM,31.866797081436154,33.63386433125708,→ 101°,473.0,544.0,"31,400",-984,FlightAware ADS-B (OKBK)
TLV - BAH,Gulf Air,GF973,A320,16/07/2023,Sun 06:08:48 PM,31.861192866955914,33.66638297834984,→ 101°,475.0,547.0,"30,900",-984,FlightAware ADS-B (ORUQ)
TLV - BAH,Gulf Air,GF973,A320,16/07/2023,Sun 06:09:18 PM,31.855415154350517,33.699370616172374,→ 101°,476.0,548.0,"30,400","-1,025",FlightAware ADS-B (OKBK)
TLV - BAH,Gulf Air,GF973,A320,16/07/2023,Sun 06:09:48 PM,31.84946039167038,33.73283215161782,→ 101°,473.0,544.0,"29,875",-975,FlightAware ADS-B (OKBK)
TLV - BAH,Gulf Air,GF973,A320,16/07/2023,Sun 06:10:18 PM,31.843325052807366,33.76677237580963,→ 101°,467.0,537.0,"29,425",-949,FlightAware ADS-B (OKBK)
TLV - BAH,Gulf Air,GF973,A320,16/07/2023,Sun 06:10:56 PM,31.837005642562016,33.8011959556843,→ 102°,465.0,535.0,"28,800",-971,FlightAware ADS-B (OKBK)
TLV - BAH,Gulf Air,GF973,A320,16/07/2023,Sun 06:11:26 PM,31.83049870170113,33.83610742594978,→ 101°,459.0,528.0,"28,325",-934,FlightAware ADS-B (ORUQ)
TLV - BAH,Gulf Air,GF973,A320,16/07/2023,Sun 06:11:57 PM,31.823800811992008,33.87151118142617,→ 102°,452.0,520.0,"27,850",-959,FlightAware ADS-B (ORUQ)
TLV - BAH,Gulf Air,GF973,A320,16/07/2023,Sun 06:12:27 PM,31.81690860119989,33.907411469771795,→ 101°,450.0,518.0,"27,350","-1,000",FlightAware ADS-B (ORUQ)
TLV - BAH,Gulf Air,GF973,A320,16/07/2023,Sun 06:12:57 PM,31.809818748035458,33.94381238459671,→ 102°,450.0,518.0,"26,850","-1,000",FlightAware ADS-B (OKBK)
TLV - BAH,Gulf Air,GF973,A320,16/07/2023,Sun 06:13:27 PM,31.802527987039724,33.98071785896302,→ 102°,448.0,516.0,"26,350",-950,FlightAware ADS-B (OKBK)
TLV - BAH,Gulf Air,GF973,A320,16/07/2023,Sun 06:13:57 PM,31.79503311339412,34.01813165927017,→ 102°,448.0,516.0,"25,900",-900,FlightAware ADS-B (BAH / OBBI)
TLV - BAH,Gulf Air,GF973,A320,16/07/2023,Sun 06:14:27 PM,31.7873309876431,34.05605737952565,→ 102°,456.0,525.0,"25,450","-1,025",FlightAware ADS-B (ORUQ)
TLV - BAH,Gulf Air,GF973,A320,16/07/2023,Sun 06:14:57 PM,31.779418540316712,34.09449843600441,→ 102°,472.0,543.0,"24,875","-1,075",FlightAware ADS-B (ORUQ)
TLV - BAH,Gulf Air,GF973,A320,16/07/2023,Sun 06:15:27 PM,31.771292776441143,34.13345806229814,→ 102°,472.0,543.0,"24,375",-959,FlightAware ADS-B (ORUQ)
TLV - BAH,Gulf Air,GF973,A320,16/07/2023,Sun 06:15:58 PM,31.76295077992613,34.17293930475445,→ 102°,462.0,532.0,"23,900",-914,FlightAware ADS-B (OKBK)
TLV - BAH,Gulf Air,GF973,A320,16/07/2023,Sun 06:16:31 PM,31.754389717818317,34.21294501830735,→ 102°,459.0,528.0,"23,400",-771,FlightAware ADS-B (ORUQ)
TLV - BAH,Gulf Air,GF973,A320,16/07/2023,Sun 06:17:08 PM,31.745606844406414,34.253477862707136,→ 104°,455.0,524.0,"23,000",-333,FlightAware ADS-B (BAH / OBBI)
TLV - BAH,Gulf Air,GF973,A320,16/07/2023,Sun 06:17:43 PM,31.736599505165938,34.29454029915263,→ 104°,456.0,525.0,"23,000", ,FlightAware ADS-B (ORUQ)
TLV - BAH,Gulf Air,GF973,A320,16/07/2023,Sun 06:18:17 PM,31.72736514053428,34.33613458732011,→ 104°,454.0,522.0,"23,000", ,FlightAware ADS-B (BAH / OBBI)
TLV - BAH,Gulf Air,GF973,A320,16/07/2023,Sun 06:18:49 PM,31.71790128950816,34.37826278278113,→ 104°,454.0,522.0,"23,000", ,FlightAware ADS-B (BAH / OBBI)
TLV - BAH,Gulf Air,GF973,A320,16/07/2023,Sun 06:19:40 PM,31.708205593047012,34.420926734843476,→ 104°,455.0,524.0,"23,000", ,FlightAware ADS-B (OKBK)
TLV - BAH,Gulf Air,GF973,A320,16/07/2023,Sun 06:20:11 PM,31.698275797278622,34.46412808479548,→ 104°,453.0,521.0,"23,000", ,FlightAware ADS-B (OKBK)
TLV - BAH,Gulf Air,GF973,A320,16/07/2023,Sun 06:20:42 PM,31.68810975650401,34.507868264534935,→ 104°,452.0,520.0,"23,000", ,FlightAware ADS-B (ORUQ)
TLV - BAH,Gulf Air,GF973,A320,16/07/2023,Sun 06:21:18 PM,31.67770543599746,34.55214849557285,→ 104°,453.0,521.0,"23,000", ,FlightAware ADS-B (DOH / OTHH)
TLV - BAH,Gulf Air,GF973,A320,16/07/2023,Sun 06:21:48 PM,31.66706091460104,34.59696978839063,→ 104°,451.0,519.0,"23,000", ,FlightAware ADS-B (BAH / OBBI)
TLV - BAH,Gulf Air,GF973,A320,16/07/2023,Sun 06:22:20 PM,31.65617438711206,34.642332942137465,→ 103°,450.0,518.0,"23,000", ,FlightAware ADS-B (BAH / OBBI)
TLV - BAH,Gulf Air,GF973,A320,16/07/2023,Sun 06:22:52 PM,31.645044166465414,34.688238544654496,→ 102°,451.0,519.0,"23,000", ,FlightAware ADS-B (DOH / OTHH)
TLV - BAH,Gulf Air,GF973,A320,16/07/2023,Sun 06:23:31 PM,31.63366868571076,34.73468697282418,→ 102°,452.0,520.0,"23,000", ,FlightAware ADS-B (BAH / OBBI)
TLV - BAH,Gulf Air,GF973,A320,16/07/2023,Sun 06:24:01 PM,31.62204649978769,34.781678393225434,→ 102°,452.0,520.0,"23,000", ,FlightAware ADS-B (BAH / OBBI)
TLV - BAH,Gulf Air,GF973,A320,16/07/2023,Sun 06:24:31 PM,31.610176287101908,34.82921276307801,→ 102°,452.0,520.0,"23,000", ,FlightAware ADS-B (BAH / OBBI)
TLV - BAH,Gulf Air,GF973,A320,16/07/2023,Sun 06:25:13 PM,31.598056850900985,34.877289831484354,→ 102°,452.0,520.0,"23,000", ,FlightAware ADS-B (BAH / OBBI)
TLV - BAH,Gulf Air,GF973,A320,16/07/2023,Sun 06:25:45 PM,31.585687120453414,34.925909140950296,→ 102°,451.0,519.0,"23,000", ,FlightAware ADS-B (DOH / OTHH)
TLV - BAH,Gulf Air,GF973,A320,16/07/2023,Sun 06:26:15 PM,31.573066152035313,34.97507002916283,→ 102°,451.0,519.0,"23,000",-200,FlightAware ADS-B (DOH / OTHH)
TLV - BAH,Gulf Air,GF973,A320,16/07/2023,Sun 06:26:45 PM,31.560193129728383,35.02477163100823,→ 103°,447.0,514.0,"22,800",-600,FlightAware ADS-B (BAH / OBBI)
TLV - BAH,Gulf Air,GF973,A320,16/07/2023,Sun 06:27:05 PM,31.547067366035012,35.07501288079127,→ 107°,445.0,512.0,"22,500",-900,FlightAware ADS-B (BAH / OBBI)
TLV - BAH,Gulf Air,GF973,A320,16/07/2023,Sun 06:27:35 PM,31.533688302309038,35.125792514637396,→ 108°,444.0,511.0,"22,050",-975,FlightAware ADS-B (DOH / OTHH)
TLV - BAH,Gulf Air,GF973,A320,16/07/2023,Sun 06:28:05 PM,31.520055509000372,35.177109073066305,→ 108°,444.0,511.0,"21,525","-1,000",FlightAware ADS-B (BAH / OBBI)
TLV - BAH,Gulf Air,GF973,A320,16/07/2023,Sun 06:28:44 PM,31.50616868570896,35.228960903738596,→ 108°,437.0,503.0,"20,900",-978,FlightAware ADS-B (BAH / OBBI)
TLV - BAH,Gulf Air,GF973,A320,16/07/2023,Sun 06:29:14 PM,31.49202766105039,35.281346164358695,→ 109°,435.0,501.0,"20,400",-975,FlightAware ADS-B (BAH / OBBI)
TLV - BAH,Gulf Air,GF973,A320,16/07/2023,Sun 06:29:44 PM,31.4776323923357,35.33426282572039,→ 109°,435.0,501.0,"19,925","-1,000",FlightAware ADS-B (BAH / OBBI)
TLV - BAH,Gulf Air,GF973,A320,16/07/2023,Sun 06:30:14 PM,31.462982965069223,35.38770867488067,→ 109°,432.0,497.0,"19,400","-1,700",FlightAware ADS-B (BAH / OBBI)
TLV - BAH,Gulf Air,GF973,A320,16/07/2023,Sun 06:30:44 PM,31.44807959226893,35.441681318448616,→ 108°,424.0,488.0,"18,225","-2,025",FlightAware ADS-B (BAH / OBBI)
TLV - BAH,Gulf Air,GF973,A320,16/07/2023,Sun 06:31:14 PM,31.432922613614984,35.49617818597431,→ 109°,403.0,464.0,"17,375","-2,125",FlightAware ADS-B (BAH / OBBI)
TLV - BAH,Gulf Air,GF973,A320,16/07/2023,Sun 06:31:44 PM,31.417512494432625,35.551196533423855,→ 109°,397.0,457.0,"16,100","-2,050",FlightAware ADS-B (DOH / OTHH)
TLV - BAH,Gulf Air,GF973,A320,16/07/2023,Sun 06:32:14 PM,31.401849824517114,35.60673344672319,→ 109°,375.0,432.0,"15,325","-2,050",FlightAware ADS-B (BAH / OBBI)
TLV - BAH,Gulf Air,GF973,A320,16/07/2023,Sun 06:32:44 PM,31.38593531680824,35.662785845356744,→ 109°,374.0,430.0,"14,050","-2,459",FlightAware ADS-B (BAH / OBBI)
TLV - BAH,Gulf Air,GF973,A320,16/07/2023,Sun 06:33:15 PM,31.369769805920875,35.71935048601128,→ 109°,373.0,429.0,"12,825","-1,746",FlightAware ADS-B (DHA / OEDR)
TLV - BAH,Gulf Air,GF973,A320,16/07/2023,Sun 06:33:45 PM,31.353354246539794,35.77642396625162,→ 109°,353.0,406.0,"12,275","-1,400",FlightAware ADS-B (BAH / OBBI)
TLV - BAH,Gulf Air,GF973,A320,16/07/2023,Sun 06:34:15 PM,31.336689711687082,35.8340027282156,→ 109°,345.0,397.0,"11,425","-1,234",FlightAware ADS-B (BAH / OBBI)
TLV - BAH,Gulf Air,GF973,A320,16/07/2023,Sun 06:34:47 PM,31.319777390869408,35.892083062320026,→ 109°,322.0,371.0,"11,000",-919,FlightAware ADS-B (DOH / OTHH)
TLV - BAH,Gulf Air,GF973,A320,16/07/2023,Sun 06:35:17 PM,31.302618588114555,35.95066111096472,→ 108°,309.0,356.0,"10,475","-1,281",FlightAware ADS-B (DHA / OEDR)
TLV - BAH,Gulf Air,GF973,A320,16/07/2023,Sun 06:35:35 PM,31.285214719910627,36.00973287220892,→ 108°,307.0,353.0,"9,975","-1,656",FlightAware ADS-B (BAH / OBBI)
TLV - BAH,Gulf Air,GF973,A320,16/07/2023,Sun 06:36:05 PM,31.267567313056382,36.06929420341121,→ 108°,308.0,354.0,"9,150","-1,630",FlightAware ADS-B (BAH / OBBI)
TLV - BAH,Gulf Air,GF973,A320,16/07/2023,Sun 06:36:21 PM,31.249678002435154,36.12934082481029,→ 108°,306.0,352.0,"8,725","-1,630",FlightAware ADS-B (BAH / OBBI)
TLV - BAH,Gulf Air,GF973,A320,16/07/2023,Sun 06:36:51 PM,31.2315485287181,36.18986832304686,→ 108°,304.0,350.0,"7,900","-1,565",FlightAware ADS-B (BAH / OBBI)
TLV - BAH,Gulf Air,GF973,A320,16/07/2023,Sun 06:37:07 PM,31.213180736008173,36.250872154607876,→ 108°,302.0,348.0,"7,525","-1,467",FlightAware ADS-B (BAH / OBBI)
TLV - BAH,Gulf Air,GF973,A320,16/07/2023,Sun 06:37:37 PM,31.19457656942911,36.312347649198024,→ 108°,300.0,345.0,"6,775","-1,082",FlightAware ADS-B (BAH / OBBI)
TLV - BAH,Gulf Air,GF973,A320,16/07/2023,Sun 06:38:08 PM,31.175738072663954,36.37429001304257,→ 108°,281.0,323.0,"6,425",-615,FlightAware ADS-B (OBKH)
TLV - BAH,Gulf Air,GF973,A320,16/07/2023,Sun 06:38:38 PM,31.156667385448564,36.43669433212221,→ 109°,262.0,302.0,"6,150",-689,FlightAware ADS-B (BAH / OBBI)
TLV - BAH,Gulf Air,GF973,A320,16/07/2023,Sun 06:39:09 PM,31.137366741025108,36.499555575341624,→ 109°,248.0,285.0,"5,725",-926,FlightAware ADS-B (BAH / OBBI)
TLV - BAH,Gulf Air,GF973,A320,16/07/2023,Sun 06:39:25 PM,31.11783846356465,36.56286859761751,↘ 115°,246.0,283.0,"5,425","-1,114",FlightAware ADS-B (BAH / OBBI)
TLV - BAH,Gulf Air,GF973,A320,16/07/2023,Sun 06:39:44 PM,31.098084965563526,36.6266281428742,↘ 123°,247.0,284.0,"5,075","-1,167",FlightAware ADS-B (OBKH)
TLV - BAH,Gulf Air,GF973,A320,16/07/2023,Sun 06:40:01 PM,31.078108745217754,36.69082884693791,↘ 123°,247.0,284.0,"4,725","-1,156",FlightAware ADS-B (BAH / OBBI)
TLV - BAH,Gulf Air,GF973,A320,16/07/2023,Sun 06:40:32 PM,31.057912383771647,36.755465240337166,↘ 123°,243.0,280.0,"4,150","-1,107",FlightAware ADS-B (BAH / OBBI)
TLV - BAH,Gulf Air,GF973,A320,16/07/2023,Sun 06:41:02 PM,31.037498542839078,36.820531751015864,↘ 122°,241.0,277.0,"3,600","-1,085",FlightAware ADS-B (BAH / OBBI)
TLV - BAH,Gulf Air,GF973,A320,16/07/2023,Sun 06:41:19 PM,31.016869961703495,36.88602270695337,↘ 123°,238.0,274.0,"3,300",-830,FlightAware ADS-B (DOH / OTHH)
TLV - BAH,Gulf Air,GF973,A320,16/07/2023,Sun 06:41:49 PM,30.99602945459545,36.95193233869992,↘ 127°,220.0,253.0,"2,950",-840,FlightAware ADS-B (DOH / OTHH)
TLV - BAH,Gulf Air,GF973,A320,16/07/2023,Sun 06:42:09 PM,30.974979907947805,37.01825478181892,↓ 163°,225.0,259.0,"2,600",-808,FlightAware ADS-B (DOH / OTHH)
TLV - BAH,Gulf Air,GF973,A320,16/07/2023,Sun 06:42:28 PM,30.95372427762715,37.08498407921708,↙ 204°,226.0,260.0,"2,425",-300,FlightAware ADS-B (OBKH)
TLV - BAH,Gulf Air,GF973,A320,16/07/2023,Sun 06:42:49 PM,30.93226558614147,37.15211418334165,↙ 210°,225.0,259.0,"2,400", ,FlightAware ADS-B (OBKH)
TLV - BAH,Gulf Air,GF973,A320,16/07/2023,Sun 06:43:05 PM,30.910606919828247,37.21963895823177,↙ 211°,225.0,259.0,"2,425",47,FlightAware ADS-B (BAH / OBBI)
TLV - BAH,Gulf Air,GF973,A320,16/07/2023,Sun 06:43:21 PM,30.888751426028307,37.287552181416466,↙ 212°,223.0,257.0,"2,425", ,FlightAware ADS-B (DOH / OTHH)
TLV - BAH,Gulf Air,GF973,A320,16/07/2023,Sun 06:43:38 PM,30.866702310252563,37.35584754565185,↙ 243°,217.0,250.0,"2,425", ,FlightAware ADS-B (DIA / OTBD)
TLV - BAH,Gulf Air,GF973,A320,16/07/2023,Sun 06:44:00 PM,30.844462833355536,37.424518660485056,← 270°,209.0,241.0,"2,425", ,FlightAware ADS-B (BAH / OBBI)
TLV - BAH,Gulf Air,GF973,A320,16/07/2023,Sun 06:44:18 PM,30.82203630873498,37.4935590536432,← 295°,202.0,232.0,"2,425", ,FlightAware ADS-B (DIA / OTBD)
TLV - BAH,Gulf Air,GF973,A320,16/07/2023,Sun 06:44:48 PM,30.7994260995817,37.56296217224117,← 302°,190.0,219.0,"2,425",-400,FlightAware ADS-B (OBKH)
TLV - BAH,Gulf Air,GF973,A320,16/07/2023,Sun 06:45:18 PM,30.77663561619907,37.63272138380985,← 302°,176.0,203.0,"2,025",-750,FlightAware ADS-B (DOH / OTHH)
TLV - BAH,Gulf Air,GF973,A320,16/07/2023,Sun 06:45:48 PM,30.753668313406177,37.70282997715247,← 303°,145.0,167.0,"1,675",-656,FlightAware ADS-B (OBKH)
